frame_id,yaw_deg,n_points,n_labels,inside_image_ratio,in_box_ratio_of_inside,in_box_ratio_of_all,mean_depth_inside_m
000001,0.0,120268,3,0.15490404762696644,0.006172839506172839,0.0009561978248578176,16.527571181346534
000001,1.0,120268,3,0.15490404762696644,0.004025764895330112,0.0006236072770811853,16.37257362553401
000001,2.0,120268,3,0.15492899191804968,0.002307733590940804,0.0003575348388598796,16.210747931866315
000001,3.0,120268,3,0.15494562144543852,0.0020391735980681515,0.00031596102038780057,16.048349942889587
000011,0.0,108004,6,0.18467834524647236,0.08162037501253384,0.01507351579571127,16.791115164902358
000011,1.0,108004,6,0.18473389874449095,0.08299919807538092,0.015332765453131366,16.850459026537017
000011,2.0,108004,6,0.1848357468241917,0.08630967289485549,0.01595311284767231,16.897389083383814
000011,3.0,108004,6,0.1846968630791452,0.08792861439743332,0.0162401392541017,16.94568096213808
000049,0.0,113691,18,0.15914188458189302,0.4309954125905046,0.06858942220580345,15.774312804940218
000049,1.0,113691,18,0.15985434203235085,0.43380653681082865,0.0693458585112278,15.793545290124413
000049,2.0,113691,18,0.1603381094369827,0.43540512370398815,0.06981203437387304,15.812406046568155
000049,3.0,113691,18,0.1603557009789693,0.43711261038889804,0.07009349904565884,15.838867602869632
